,Project ID,Project Name,Region,Billing City,Billing State/Province,Country,Package Type,Package Version,Premium Workstation: Connectivity,Premium Workstation: Hardware,Premium Workstation: Monitors,Delivery Method,Units,Account MRR,Contract MRR,Annual Revenue,Account Tier,Account Owner,Delivery Manager,Pod,Delivery Owner,Status,Type
0,0011J00001HcUR4,Dusty Crossbow,Americas,Chicago,Illinois,United States,Elastic Managed Workforce,WorkStreams 1.0,False,False,False,Shield,1440,9450.0,2772.0,1500000,2,Virginia Seabring,Nyambura Kihoro,Jasiri,Francis Mutua,Active,Customer
1,0011J00001HcUR4,Endless Toothbrush,Americas,Chicago,Illinois,United States,Efficient Managed Workforce,WorkStreams 1.0,False,False,False,Essentials,1400,9402.0,2700.0,1537000,2,Maggie Prothe,Nyambura Kihoro,Jasiri,Francis Mutua,Active,Customer
2,0011J00001HmQz6,Mad Hatter,Americas,Raleigh,North Carolina,United States,Efficient Managed Workforce,WorkStreams 2.0,False,False,True,Essentials,950,6192.0,2700.0,5100000,3,Alexia Petricu,Monica Ghimire,Sattva,Babita Sharma,Active,Customer
3,0011J00001hp6iq,Boomrenge,Americas,San Diego,CA,United States,Computer Vision Managed Workforce,WorkStreams 2.0,False,False,False,Essentials,1773,12002.0,2785.0,1000000,3,Ashton Pimley,Brian Ngure,Amali,Njambi Waciuma,Active,Customer
4,0011J00001hpVld,HopeStone,Americas,Jacksonville,FL,United States,Efficient Managed Workforce,WorkStreams 2.0,False,False,False,Essentials,4400,30636.0,2925.0,1000000,3,Ashton Pimley,Gunjan Upadhyay,Prodigies,Smita Shrestha,Active,Customer
5,0011J00001hpVnA,Blue Burger,Americas,Durham,North Carolina,United States,Elastic Managed Workforce,WorkStreams 2.0,False,False,False,Essentials,300,2785.0,1648.0,50000000,3,Jonathan Miska,Gunjan Upadhyay,Prodigies,Smita Shrestha,Active,Customer
7,0011J00001hqSdQ,Coffin Pointless,Americas,Carlsbad,California,United States,Agile Managed Workforce,WorkStreams 2.0,False,False,False,Essentials,2500,15592.0,2814.0,1000000,3,Doug Bailey,Monica Ghimire,Momos,Shreeya Bhattarai,Active,Customer
8,0011J00001hWWhT,Casanova,Americas,San Francisco,CA,United States,Agile Managed Workforce,WorkStreams 2.0,False,False,True,Endpoint,200,1692.0,268.0,8500000000,1,Kevin McElroy,Ayush Siddhi,Synapse,Prabesh Devkota,Active,Customer
9,0011J00001hXeyy,Python Plus,APAC,Alexandria,New South Wales,Australia,Data Annotation Solution,WorkStreams 2.0,False,False,False,Shield,600,4257.0,2350.0,10000000,3,Theo Papadopoulos,Harry Rotich,Baraka,Belinda Njoki Mwangi,Active,Customer
10,0011J00001hY47v,Canary,Americas,Mountain View,CA,United States,Data Annotation Solution,WorkStreams 2.0,False,False,False,Essentials,8696,47949.0,3061.0,500000,3,Ann Balduino,Nyambura Kihoro,Taji,Billy Labatt,Active,Customer
11,0011J00001hYO8y,TopazAI,Americas,Mountain View,CA,United States,NLP Managed Workforce,WorkStreams 2.0,False,False,False,Essentials,1025,8176.0,2700.0,3000000,2,Camden Carver,Bikash Sashankar,Zeus,Aashma Thapa,Active,Customer
12,0011J00001hZa4V,Third Tuna,Americas,Santa Barbara,California,United States,Efficient Managed Workforce,WorkStreams 2.0,False,False,False,Essentials,300,2700.0,1093.0,100000000,3,Andy Minshall,Monica Ghimire,Momos,Pranav Adhikari,Active,Customer
13,0011J00001hZKNc,Pluto Health,Americas,New York,NY,United States,NLP Managed Workforce,WorkStreams 2.0,False,False,False,Essentials,300,2700.0,1254.0,100000000,3,John Wagler,Harry Rotich,Baraka,Mercy Mandela,Active,Customer
14,0011J00001hZOMn,Ancient Dots,Americas,Seattle,WA,United States,Data Annotation Solution,WorkStreams 2.0,True,True,False,Shield,2322,13054.24,2808.0,1000000,2,Ann Balduino,Monica Ghimire,TRAILBLAZERS,Kristina Joshi,Active,Customer
15,0011J00001IxcZ3,Tungston,Americas,San Francisco,California,United States,Agile Managed Workforce,WorkStreams 1.0,False,False,False,Essentials,2400,15066.0,2814.0,1000000,3,John Wagler,Brian Ngure,Almasi,Job Aterah,Active,Customer
16,0011J00001IyhoA,Prime Eight,Americas,Palo Alto,California,United States,Efficient Managed Workforce,WorkStreams 1.0,False,False,False,Essentials,300,2700.0,1254.0,100000000,3,Doug Bailey,Monica Ghimire,TRAILBLAZERS,Kristina Joshi,Active,Customer
17,0011J00001J9xiV,Bordeaux,Americas,San Francisco,California,United States,Computer Vision Managed Workforce,WorkStreams 1.0,False,False,False,Shield,300,2784.0,1606.5,50000000,3,Virginia Seabring,Jacqueline Mumbi,Almasi,Job Aterah,Active,Customer
18,0011J00001JBE7C,Coding Region,Americas,Brooklyn,New York,United States,Computer Vision Managed Workforce,WorkStreams 2.0,False,False,False,Essentials,900,6080.0,2687.0,5900000,3,John Wagler,Monica Ghimire,Momos,Sushan Maharjan,Active,Customer
19,0011J00001JCj5g,Rapid Dirt,Americas,San Francisco,California,United States,Agile Managed Workforce,WorkStreams 2.0,False,False,False,Shield,3300,20603.0,2877.0,1000000,2,Virginia Seabring,Harry Rotich,Baraka,Janet Kamanga,Active,Customer
20,0011J00001JmGK7,Severe Pink Boomerang,Americas,San Mateo,California,United States,Computer Vision Managed Workforce,WorkStreams 2.0,False,False,False,Essentials,22500,96523.5,3081.0,0,1,Doug Bailey,Gunjan Upadhyay,Prodigies,Roshan Lama,Active,Customer
22,0011J00001K5BRy,Weekend Warriors,Americas,Pittsburgh,Pennsylvania,United States,Computer Vision Managed Workforce,WorkStreams 2.0,False,False,False,Essentials,55,671.0,100.0,30282000000,3,Virginia Seabring,Bikash Sashankar,Prodigies,Vishruti Rana,Active,Customer
23,0011J00001KNda5,Beacon Sapphire,Americas,Portland,Oregon,United States,Computer Vision Managed Workforce,WorkStreams 1.0,False,False,False,Essentials,1300,9012.0,2700.0,1800000,3,Sachin Khalsa,Gunjan Upadhyay,Prodigies,Roshan Lama,Active,Customer
24,0011J00001KPr4U,Peacocks Stanley,Americas,Chicago,Illinois,United States,Computer Vision Managed Workforce,WorkStreams 1.0,False,False,False,Essentials,200,2000.0,305.0,2000000000,3,Ann Balduino,Gunjan Upadhyay,Prodigies,Samridha Gautam,Active,Customer
26,0011J00001KrKGp,The Art of Codes,APAC,Melbourne,Victoria,Australia,Computer Vision Managed Workforce,WorkStreams 1.0,False,False,False,Shield,3810,23100.0,2925.0,1000000,3,Sachin Khalsa,Monica Ghimire,TRAILBLAZERS,Laling Lama,Active,Customer
27,0011J00001KsVuX,Olive Ong,EMEA,London,England,United Kingdom,NLP Managed Workforce,WorkStreams 1.0,False,False,False,Endpoint,1300,9000.0,2700.0,2000000,3,Ashton Pimley,Jacqueline Mumbi,Momos,Rumina Shakya,Active,Customer
29,0011J00001kVsgf,Cheerio,Americas,Lakewood,Ohio,United States,NLP Managed Workforce,WorkStreams 2.0,False,False,False,Essentials,200,1960.0,268.0,2800000000,2,Maggie Prothe,Gunjan Upadhyay,TRAILBLAZERS,Bishakha Pande,Active,Customer
30,0011J00001kWaMk,Commission Kings,Americas,Woburn,Massachusetts,United States,Efficient Managed Workforce,WorkStreams 2.0,False,False,False,Essentials,1000,7000.0,2700.0,4803000,3,Ann Balduino,Nyambura Kihoro,Thamani,Hilda Afanda,Active,Customer
31,0011J00001kWKVm,Heart Fierce,Americas,Nashville,TN,United States,Efficient Managed Workforce,WorkStreams 2.0,False,False,True,Network,650,4791.0,2487.0,10000000,3,Emily Hall,Hope Makwali,Amali,Mary Wanjiku Wakarindi,Active,Customer
32,0011J00001kWomX,The Violent Storms,Americas,Toronto,Ontario,Canada,Elastic Managed Workforce,WorkStreams 2.0,False,False,False,Essentials,2800,18456.0,2868.0,1000000,3,John Wagler,Nyambura Kihoro,Thamani,Nancy Wambugu,Active,Customer
33,0011J00001kXpEG,Shiny Bird,Americas,Boston,MA,United States,Agile Managed Workforce,WorkStreams 2.0,True,False,False,Essentials,300,2496.0,671.0,400000000,3,Maggie Prothe,Monica Ghimire,Momos,Shreeya Bhattarai,Active,Customer
34,0011J00001kYhUm,Westerners,Americas,Montreal,Quebec,Canada,Efficient Managed Workforce,WorkStreams 2.0,False,False,False,Shield,11500,61860.0,3069.0,858,2,Henry Baird,Gunjan Upadhyay,Prodigies,Samridha Gautam,Active,Customer
35,0011J00001kYrlN,Moonshine,Americas,Mountain View,CA,United States,Data Annotation Solution,WorkStreams 2.0,False,False,False,Essentials,16700,63208.8,3069.0,1,1,Ann Balduino,Gunjan Upadhyay,Prodigies,Shristy Sharma Neupane,Active,Customer
36,0011J00001kYZ0V,Caveman Lawyers,Americas,New York City,New York,United States,Agile Managed Workforce,WorkStreams 2.0,False,False,False,Essentials,300,2925.0,1692.0,50000000,2,Camden Carver,Harry Rotich,Medalli,Faith Kimanzi,Active,Customer
37,0011J00001L9Uy8,Yaeger,Americas,San Francisco,California,United States,NLP Managed Workforce,WorkStreams 2.0,False,False,False,Essentials,600,4359.833333333333,2350.0,10000000,2,Adam Rich,Jacqueline Mumbi,Tuzidi,Vicky Siele,Active,Customer
38,0011J00001LA3Va,Associations Now,Americas,Oakland,California,United States,Agile Managed Workforce,WorkStreams 1.0,False,False,False,Shield,6400,39000.0,3000.0,900000,1,Ann Balduino,Bikash Sashankar,Zeus,Bikram Dhakal,Active,Customer
39,0011J00001LA3Va,Horned Frogs,Americas,Oakland,California,United States,Elastic Managed Workforce,WorkStreams 2.0,False,False,True,Essentials,6800,42448.333333333336,3000.0,900000,1,Sachin Khalsa,Bikash Sashankar,Zeus,Bikram Dhakal,Active,Customer
40,0011J00001LAqb7,Othello,Americas,Emeryville,California,United States,NLP Managed Workforce,WorkStreams 1.0,False,False,False,Essentials,300,2687.0,687.3333333333334,218470000,3,Jonathan Miska,Brian Ngure,Amali,Mary Wanjiku Wakarindi,Active,Customer
41,0011J00001le717,Spectrum Association,Americas,Stanford,CA,United States,Data Annotation Solution,WorkStreams 2.0,False,False,False,Essentials,5990,38926.0,2959.0,1000000,3,John Wagler,Jacqueline Mumbi,,Wambui Wanjiru,Active,Customer
42,0011J00001le8V8,Poseidon,EMEA,Zürich,Zurich,Switzerland,Computer Vision Managed Workforce,WorkStreams 2.0,False,False,False,Essentials,800,5400.0,2677.0,7500000,3,Jonathan Miska,Arpit Chapagain,Exponen^t,Julika Pradhan,Active,Customer
43,0011J00001LIeH2,Purple Mars,Americas,San Francisco,California,United States,Agile Managed Workforce,WorkStreams 2.0,False,False,False,Endpoint,400,3324.0,2076.0,13086000,3,John Wagler,Monica Ghimire,TRAILBLAZERS,Julen Maharjan,Active,Customer
46,0011J00001M3lrw,Seawolves,Americas,Paso Robles,California,United States,Computer Vision Managed Workforce,WorkStreams 1.0,False,False,False,Essentials,300,3166.0,2000.0,19132000,3,Sean Gallagher,Brian Ngure,Amali,James Ngugi,Active,Customer
47,0011J00001M48EB,GoodTrace,EMEA,Cheltenham,Lower Saxony,Germany,Computer Vision Managed Workforce,WorkStreams 1.0,False,False,False,Essentials,3200,20498.0,2877.0,1000000,2,Sean Gallagher,Harry Rotich,Baraka,Hellen Wandera,Active,Customer
48,0011J00001M5v4G,NoTraffic AI,EMEA,London,England,United Kingdom,Efficient Managed Workforce,WorkStreams 2.0,False,False,False,Essentials,300,2700.0,1093.0,120000000,3,Doug Bailey,Monica Ghimire,Sattva,Laling Lama,Active,Customer
49,0011J00001M6gSz,An Evening Affair,Americas,Nicholasville,Kentucky,United States,Computer Vision Managed Workforce,WorkStreams 1.0,False,False,False,Essentials,300,2263.0,639.0,500000000,3,Andy Minshall,Harry Rotich,Medalli,Faith Kimanzi,Active,Customer
50,0011J00001M87dM,Jaguar,EMEA,London,England,United Kingdom,Computer Vision Managed Workforce,WorkStreams 1.0,False,False,True,Essentials,800,5160.0,2580.0,10000000,2,Ann Balduino,Harry Rotich,Baraka,Jones Nganyi,Active,Customer
51,0011J00001MlulZ,Third Doorstop,EMEA,Tel Aviv,Tel Aviv,Israel,Computer Vision Managed Workforce,WorkStreams 2.0,False,False,False,Workspace Plus,1200,8700.0,2700.0,2500000,3,John Wagler,Brian Ngure,Tuzidi,Kendi Mutungi,Active,Customer
52,0011J00001MlvGm,sienna Builders,Americas,Tampa,Florida,United States,NLP Managed Workforce,WorkStreams 2.0,False,False,False,Essentials,8190,44280.0,3000.0,900000,3,Virginia Seabring,Brian Ngure,Amali,Stella Kuria,Active,Customer
53,0011J00001MnzKp,Protech LLC,EMEA,New York,New York,United States,Efficient Managed Workforce,WorkStreams 2.0,False,False,False,Essentials,37233,163560.0,3121.0,0,3,Ann Balduino,Harry Rotich,Papa,Clement Gachagua,Active,Customer
54,0011J00001MWFXa,RuddyRex,Americas,Manchester,New Hampshire,United States,Computer Vision Managed Workforce,WorkStreams 2.0,True,True,False,Essentials,300,2815.0,1686.6666666666667,50000000,1,John Wagler,Bikash Sashankar,Genesis,Bikram Dhakal,Active,Customer
55,0011J00001MXPBD,Antique,Americas,San Francisco,California,United States,Agile Managed Workforce,WorkStreams 2.0,True,False,False,Essentials,11050,51225.0,3069.0,3660,2,Camden Carver,Gunjan Upadhyay,,Nikhil Karki,Active,Customer
56,0011J00001N1vKG,Electrical Black,Americas,Charlottesville,Virginia,United States,Efficient Managed Workforce,WorkStreams 2.0,False,False,False,Essentials,200,2001.0,305.0,1600000000,3,Camden Carver,Brian Ngure,Tuzidi,Vincent Omondi Oluoch,Active,Customer
57,0011J00001N1vsD,Barcelona,Americas,Arlington,Virginia,United States,Elastic Managed Workforce,WorkStreams 2.0,False,False,False,Essentials,800,5580.0,2680.0,7000000,1,Maggie Prothe,Harry Rotich,Medalli,Faith Kimanzi,Active,Customer
58,0011J00001N1vsr,Lonesome,Americas,Cambridge,Massachusetts,United States,Computer Vision Managed Workforce,WorkStreams 2.0,False,False,False,Essentials,850,6040.0,2680.0,6000000,2,Sean Gallagher,Brian Ngure,Tuzidi,Vicky Siele,Active,Customer
59,0011J00001N1wNG,Omega,Americas,Wilmington,Massachusetts,United States,Computer Vision Managed Workforce,WorkStreams 2.0,False,True,False,Essentials,7000,42448.333333333336,3000.0,900000,2,Theo Papadopoulos,Jacqueline Mumbi,,Boniface Mwanda,Active,Customer
60,0011J00001NZml5,No-Bull Bootcamp,EMEA,Gothenburg,Vastra Gotaland,Sweden,Computer Vision Managed Workforce,WorkStreams 2.0,False,False,False,Network,800,5900.0,2680.0,6700000,3,Alexia Petricu,Jacqueline Mumbi,Almasi,Mary Wakarindi,Active,Customer
61,0011J00001NZzue,News AI,Americas,New York,New York,United States,Computer Vision Managed Workforce,WorkStreams 2.0,False,False,True,Shield,100,1093.0,100.0,23000000000,2,Doug Bailey,Gunjan Upadhyay,Prodigies,Ankita Basnet,Active,Customer
63,0011J00001P3Bed,Crusader,Americas,Providence,Rhode Island,United States,Efficient Managed Workforce,WorkStreams 2.0,False,False,False,Shield,2000,12615.0,2808.0,1000000,3,Ann Balduino,Harry Rotich,Baraka,Sam Mwangi,Active,Customer
64,0011J00001P3dvg,Longhorns,Americas,San Francisco,California,United States,Efficient Managed Workforce,WorkStreams 2.0,False,False,False,Workspace Plus,1500,9770.0,2784.0,1000000,2,John Wagler,Arpit Chapagain,Potentia,Julika Pradhan,Active,Customer
65,0011J00001P3dvg,Sultans of Sales,Americas,San Francisco,California,United States,Efficient Managed Workforce,WorkStreams 2.0,False,False,False,Essentials,1500,10037.5,2784.0,1000000,2,Ann Balduino,Arpit Chapagain,Potentia,Julika Pradhan,Active,Customer
66,0011J00001P6czU,Hades,Americas,Columbia,South Carolina,United States,Computer Vision Managed Workforce,WorkStreams 2.0,False,False,False,Shield,600,4728.0,2456.0,10000000,3,Theo Papadopoulos,Jacqueline Mumbi,Adili,Cecilia Maloba,Active,Customer
67,0011J00001P6k85,Enter Coding,Americas,Chicago,Illinois,United States,Computer Vision Managed Workforce,WorkStreams 2.0,False,False,False,Essentials,6000,38954.0,2959.0,1000000,2,Alexia Petricu,Harry Rotich,Medalli,Faith Kimanzi,Active,Customer
68,0011J00001PRveF,Bulldozer,Americas,Mountain View,California,United States,Computer Vision Managed Workforce,WorkStreams 2.0,False,False,False,Workspace Plus,960,6312.0,2700.0,5068000,2,Jonathan Miska,Gunjan Upadhyay,TRAILBLAZERS,Bishakha Pande,Active,Customer
69,0011J00001PU17G,Mustangs Plus,Americas,Urbandale,Iowa,United States,Efficient Managed Workforce,WorkStreams 2.0,False,False,False,Shield,12300,61860.0,3069.0,555,2,Jonathan Miska,Monica Ghimire,Momos,Rojen Manandhar,Active,Customer
70,0011J00001PViB6,Kingsmen,Americas,Richmond,Virginia,United States,Agile Managed Workforce,WorkStreams 2.0,False,False,False,Essentials,400,3514.0,2199.0,10000000,3,John Wagler,Gunjan Upadhyay,Prodigies,Ankita Basnet,Active,Customer
71,0011J00001PVqru,Bitter Rhinestone,Americas,Boston,Massachusetts,United States,Computer Vision Managed Workforce,WorkStreams 2.0,False,False,False,Shield,0,305.0,0.0,47000000000,3,John Wagler,Bikash Sashankar,Zeus,Aashma Thapa,Active,Customer
73,0011J00001QUczD,Moving Bird,Americas,San Francisco,California,United States,Agile Managed Workforce,WorkStreams 2.0,False,False,False,Essentials,1000,6688.0,2700.0,5000000,2,Doug Bailey,Harry Rotich,Papa,Eliud Irungu,Active,Customer
75,0011J00001QVuBd,Amigos,Americas,Redwood City,CA,United States,Computer Vision Managed Workforce,WorkStreams 2.0,False,False,True,Shield,300,2772.0,1433.0,63650000,2,Sean Gallagher,Harry Rotich,Baraka,Sam Mwangi,Active,Customer
76,0011J00001QVwYo,EverLast,Americas,Hartford,CT,United States,NLP Managed Workforce,WorkStreams 2.0,False,False,False,Essentials,15000,63208.8,3069.0,1,2,Sean Gallagher,Harry Rotich,Medalli,Mary Gachara,Active,Customer
77,0011J00001QVwZ3,Cold Fusion,Americas,Bolingbrook,Illinois,United States,Efficient Managed Workforce,WorkStreams 2.0,False,False,False,Essentials,17500,73025.0,3070.0,1,2,John Alles,Jacqueline Mumbi,B'Shert,Elizabeth Ngugi,Active,Customer
78,0011J00001QWfMS,Focusplan,Americas,Menlo Park,California,United States,Computer Vision Managed Workforce,WorkStreams 2.0,False,True,True,Essentials,1250,8806.0,2700.0,2000000,3,Alexia Petricu,Ayush Siddhi,Sakchya,Trishala Mathema,Active,Customer
80,0011J00001RMNge,Celestial Interface,EMEA,Uxbridge,Greater London,United Kingdom,Agile Managed Workforce,WorkStreams 2.0,False,False,False,Essentials,500,3870.0,2200.0,10000000,2,Pat Rogers,Harry Rotich,Nguvu,Owen Muchiri,Active,Customer
81,0011J00001RNXry,Orange Plutonium,Americas,Tampa,Florida,United States,Agile Managed Workforce,WorkStreams 2.0,False,False,False,Essentials,300,2700.0,1433.0,66670000,2,John Wagler,Harry Rotich,Papa,Winnie Kirui,Active,Customer
82,0011J00001RNXry,The Social Experiment,Americas,Tampa,Florida,United States,NLP Managed Workforce,WorkStreams 2.0,False,False,False,Essentials,300,2700.0,1433.0,95300000,2,Camden Carver,Harry Rotich,Papa,Winnie Kirui,Active,Customer
83,0011J00001RNXuu,Odyssey,Americas,Lincoln,Nebraska,United States,Computer Vision Managed Workforce,WorkStreams 2.0,False,False,True,Essentials,1200,8800.0,2700.0,2000000,3,Sean Gallagher,Monica Ghimire,Momos,Rumina Shakya,Active,Customer
84,0011J00001SCm3c,Gamma Orange,Americas,Waltham,Massachusetts,United States,Agile Managed Workforce,WorkStreams 2.0,False,False,False,Network,369555,309961.16,3166.0,400000000,1,Jonathan Miska,Harry Rotich,Baraka,Mercy Mandela,Active,Customer
85,0011J00001SCwwH,Mountaineers,Americas,Austin,Texas,United States,Elastic Managed Workforce,WorkStreams 1.0,False,False,False,Workspace Plus,32000,150750.0,3121.0,0,3,Ashton Pimley,Ayush Siddhi,Synapse,Anish Khatri KC,Active,Customer
86,0011J00001Tj5bB,Husky Serpent,Americas,Los Angeles,CA,United States,Data Annotation Solution,WorkStreams 2.0,False,False,False,Essentials,1100,8340.0,2700.0,3000000,2,Alexia Petricu,Nyambura Kihoro,Thamani,Eric Mulama,Active,Customer
87,0011J00001TjbIc,OptioAI,Americas,Sanford,FL,United States,Agile Managed Workforce,WorkStreams 2.0,False,False,False,Essentials,2000,12400.0,2808.0,1000000,3,John Wagler,Brian Ngure,Amali,Elizabeth Ngugi,Active,Customer
88,0011J00001TjN9u,Eagle,Americas,Mountain View,CA,United States,Agile Managed Workforce,WorkStreams 2.0,False,False,False,Essentials,1500,9617.0,2784.0,1100000,2,Sachin Khalsa,Gunjan Upadhyay,Prodigies,Nikhil Karki,Active,Customer
89,0011J00001Tjtsr,TruQuest,EMEA,Tel Aviv,Tel Aviv,Israel,Efficient Managed Workforce,WorkStreams 2.0,False,False,False,Workspace,4200,26880.0,2925.0,1000000,2,Account Owner,Harry Rotich,Papa,Lenata Sipulwa,Active,Customer
90,0011J00001Tklkj,Himalaya Fly,EMEA,,Munster,Ireland,Computer Vision Managed Workforce,WorkStreams 2.0,False,False,False,Shield,468045,309961.16,3195.0,23000000,3,Andy Minshall,Harry Rotich,Papa,Eliud Irungu,Active,Customer
91,0011J00001TlaWy,Lonely Fox,Americas,New York,New York,United States,NLP Managed Workforce,WorkStreams 2.0,False,False,False,Essentials,1000,7271.0,2700.0,4800000,2,Sean Peterson,Aurelien Vatinel,,Prashant Burlakoti,Active,Customer
92,0011J00001TlP9S,Wombat,Americas,San Francisco,California,United States,NLP Managed Workforce,WorkStreams 2.0,False,False,False,Essentials,1000,6730.0,2700.0,4882000,3,Jonathan Miska,Hope Makwali,Kawi,Winnie Kirui,Active,Customer
93,0011J00001Tm3m8,Yodha,Americas,Orem,Utah,United States,Computer Vision Managed Workforce,WorkStreams 2.0,False,False,False,Essentials,4200,30450.0,2925.0,1000000,3,Ashton Pimley,Monica Ghimire,Prodigies,Babita Sharma,Active,Customer
94,0011J00001W1b4o,Poseidon,Americas,El Segundo,California,United States,Efficient Managed Workforce,WorkStreams 2.0,False,False,False,Essentials,2000,12312.0,2785.0,1000000,3,Doug Bailey,Brian Ngure,Amali,Mathew Oduor,Active,Customer
96,0011J00001W20bL,Bullwinkle,Americas,St. Louis,MO,United States,Efficient Managed Workforce,WorkStreams 2.0,False,False,False,Essentials,1500,9617.0,2772.0,1400000,2,Kevin McElroy,,,Andrew Kirui,Active,Customer
97,0011J00001W2Hg3,Western Skunk,Americas,Del Mar,CA,United States,Agile Managed Workforce,WorkStreams 2.0,False,False,False,Shield,800,5160.0,2580.0,10000000,2,Camden Carver,Gunjan Upadhyay,Prodigies,Diya Shrestha,Active,Customer
98,0011J00001W2RDa,Vipers,Americas,Mount Pleasant,SC,United States,Elastic Managed Workforce,WorkStreams 2.0,False,False,True,Essentials,2360,13740.0,2814.0,1000000,2,John Wagler,Brian Ngure,Jawabu,Patrick Thiriku,Active,Customer
99,0011J00001W2zMj,Business as Unusual,Americas,New York,New York,United States,Agile Managed Workforce,WorkStreams 2.0,False,False,False,Essentials,3600,22638.0,2925.0,1000000,3,Alexia Petricu,Monica Ghimire,TRAILBLAZERS,Aishwarya Dhakhwa,Active,Customer
100,0011J00001W3SM3,Scarlet Iron,Americas,Mill Valley,CA,United States,Agile Managed Workforce,WorkStreams 2.0,False,False,False,Network,600,4227.0,2345.0,10000000,3,Sean Gallagher,Monica Ghimire,Momos,Sushan Maharjan,Active,Customer
101,0011J00001W4L5L,Sea Lions,EMEA,Poznan,Wielkopolska,Poland,Efficient Managed Workforce,WorkStreams 2.0,False,False,False,Essentials,400,3507.0,2199.0,10000000,3,Sachin Khalsa,,,,Active,
105,0011J00001Xcl3z,Torpedo,Americas,Los Angeles,California,United States,NLP Managed Workforce,WorkStreams 2.0,False,False,False,Essentials,6000,38954.0,3000.0,975000,3,Jonathan Miska,Jacqueline Mumbi,Adili,Njambi Waciuma,Active,Customer
107,0011J00001Y3LPw,Orange Dots,Americas,Washington D.C,DC,United States,Elastic Managed Workforce,WorkStreams 2.0,False,False,False,Shield,500,3708.0,2200.0,10000000,3,Maggie Prothe,Gunjan Upadhyay,Prodigies,Nikhil Karki,Active,Customer
108,0011J00001Y3MRo,The Success,Americas,Mountain View,California,United States,Computer Vision Managed Workforce,WorkStreams 2.0,False,False,False,Essentials,300,2814.0,1648.0,50000000,3,Alexia Petricu,Harry Rotich,Baraka,Mercy Mandela,Active,Customer
109,0011J00001Y3r20,KingFish,Americas,Cambridge,Massachusetts,United States,Agile Managed Workforce,WorkStreams 2.0,False,True,False,Network,76000,240131.88,3140.0,0,2,Alexia Petricu,Monica Ghimire,Momos,Sushan Maharjan,Active,Customer
110,0011J00001Y3r20,Pharoahs,Americas,Cambridge,Massachusetts,United States,Agile Managed Workforce,WorkStreams 2.0,False,False,True,Essentials,50000,169600.0,3140.0,0,2,John Wagler,Monica Ghimire,Momos,Sushan Maharjan,Active,Customer
111,0011J00001Y5IaJ,Metro,Americas,Austin,Texas,United States,Computer Vision Managed Workforce,WorkStreams 2.0,True,False,False,Essentials,1000,7376.0,2700.0,4620000,2,Ashton Pimley,Bikash Sashankar,Zeus,Matthias Magar,Active,Customer
112,0011J00001Y5YKJ,Bender,EMEA,Rome,Lazio,Italy,Data Annotation Solution,WorkStreams 2.0,False,False,False,Shield,300,3069.0,1980.0,25590000,1,Andy Minshall,Aurelien Vatinel,,Trishala Mathema,Active,Customer
113,0011J00001Y5YKJ,Mango,EMEA,Rome,Lazio,Italy,Computer Vision Managed Workforce,WorkStreams 2.0,False,False,False,Essentials,300,3070.0,1980.0,23900000,1,Sean Gallagher,Aurelien Vatinel,,Trishala Mathema,Active,Customer
114,0011J00001Y5YKJ,oadrunner,EMEA,Rome,Lazio,Italy,Data Annotation Solution,WorkStreams 2.0,False,False,False,Essentials,300,3081.0,2000.0,23000000,1,Ashton Pimley,Aurelien Vatinel,,Trishala Mathema,Active,Customer
115,0011J00001Y5YKJ,Voyager,EMEA,Rome,Lazio,Italy,Data Annotation Solution,WorkStreams 2.0,False,False,False,Workspace,300,3103.0,2000.0,20000000,1,John Wagler,Aurelien Vatinel,,Trishala Mathema,Active,Customer
116,0014o00001l52xV,Whistler,Americas,Nashville,Tennessee,United States,Efficient Managed Workforce,WorkStreams 2.0,False,False,False,Network,1300,8890.0,2700.0,2000000,3,Maggie Prothe,Gunjan Upadhyay,Prodigies,Ashma Poudel,Active,Customer
117,0014o00001l6Ku9,Static Startup,Americas,San Francisco,California,United States,Computer Vision Managed Workforce,WorkStreams 2.0,True,False,True,Endpoint,300,2700.0,1093.0,132000000,3,Theo Papadopoulos,Brian Ngure,Jawabu,Melody Mukhwana,Active,Customer
118,0014o00001lb82y,Breeze Old,Americas,Durham,North Carolina,United States,Efficient Managed Workforce,WorkStreams 1.0,False,False,False,Essentials,4000,24104.0,2925.0,1000000,3,Alexia Petricu,,,,Active,Customer
119,0014o00001lbmZF,Casanova Coders,Americas,Morrisville,NC,United States,Computer Vision Managed Workforce,WorkStreams 2.0,False,False,False,Essentials,300,2808.0,1648.0,50000000,3,Ann Balduino,Gunjan Upadhyay,Prodigies,Shradha Khanal,Active,Customer
120,0014o00001lbRnm,Workman,Americas,Austin,TX,United States,Efficient Managed Workforce,WorkStreams 2.0,True,True,False,Shield,8667,47949.0,3015.0,768000,3,John Wagler,Monica Ghimire,Momos,Rumina Shakya,Active,Customer
121,0014o00001lbW9k,Indigo,Americas,Salt Lake City,Utah,United States,Computer Vision Managed Workforce,WorkStreams 2.0,False,False,False,Shield,82800,240131.88,3166.0,0,2,Maggie Prothe,Monica Ghimire,Prodigies,Nikhil Karki,Active,Customer
122,0014o00001lCFuJ,Maroon,EMEA,Ingolstadt,Bavaria,Germany,Data Annotation Solution,WorkStreams 2.0,False,False,False,Essentials,300,3069.0,1980.0,31718000,3,Camden Carver,Monica Ghimire,Momos,Rumina Shakya,Active,Customer
123,0014o00001lCZQX,Epsilon Hollow,Americas,Norcross,Georgia,United States,Efficient Managed Workforce,WorkStreams 2.0,False,False,False,Essentials,300,2345.0,639.0,500000000,3,Alexia Petricu,Monica Ghimire,Prodigies,Babita Sharma,Active,Customer
124,0014o00001ld3YC,Timberwolves,Americas,Laredo,Texas,United States,Elastic Managed Workforce,WorkStreams 2.0,False,False,False,Essentials,1575,10830.0,2784.0,1000000,3,Ann Balduino,Ayush Siddhi,Synapse,Swarup Raj Dhungana,Active,Customer
125,0014o00001ldH95,Stratos,Americas,New York,NY,United States,Data Annotation Solution,WorkStreams 2.0,False,False,False,Essentials,1000,7375.0,2700.0,4800000,3,Ann Balduino,Brian Ngure,Jawabu,Salome Kaguathi,Active,Customer
126,0014o00001lDpzN,Mysterious Stormy Serpent,Americas,New York City,New York,United States,Efficient Managed Workforce,WorkStreams 2.0,False,False,False,Shield,300,3121.0,2000.0,20000000,1,Ashton Pimley,Bikash Sashankar,Zeus,Rajendra Thapa,Active,Customer
127,0014o00001ldtK2,Olive Moon,Americas,Cambridge,MA,United States,Computer Vision Managed Workforce,WorkStreams 2.0,False,False,False,Essentials,300,2700.0,1243.0,100000000,3,Ann Balduino,Harry Rotich,,Belinda Mwangi,Active,Customer
128,0014o00001lDuvK,Nautilus,Americas,Eugene,Oregon,United States,Efficient Managed Workforce,WorkStreams 2.0,False,False,False,Network,400,3468.0,2150.0,10000000,2,Theo Papadopoulos,Jacqueline Mumbi,Amali,Mathew Oduor,Active,Customer
129,0014o00001lEMTC,Quicksilver,Americas,San Francisco,California,United States,Computer Vision Managed Workforce,WorkStreams 2.0,False,False,False,Essentials,300,2870.0,1686.6666666666667,50000000,3,John Wagler,Gunjan Upadhyay,Prodigies,Gunjan Upadhyay,Active,Customer
130,0014o00001m5Gti,Software Chasers,Americas,Redwood City,CA,United States,Computer Vision Managed Workforce,WorkStreams 2.0,False,True,False,Shield,4000,24104.0,2925.0,1000000,3,Virginia Seabring,Jacqueline Mumbi,B'Shert,Patrick Thiriku,Active,Customer
131,0014o00001m69GO,Achieve Loft,Americas,,NH,United States,Data Annotation Solution,WorkStreams 2.0,False,False,True,Essentials,4500,31792.66,2925.0,1000000,2,Ann Balduino,Gunjan Upadhyay,Prodigies,Roshan Lama,Active,Customer
132,0014o00001m6SWo,Plutonium,APAC,Teneriffe,QLD,Australia,Agile Managed Workforce,WorkStreams 2.0,False,False,False,Essentials,300,2959.0,1720.0,39600000,3,Maggie Prothe,Brian Ngure,Tuzidi,Kendi Mutungi,Active,Customer
133,0014o00001m6YjP,WhiteJacks,Americas,Indianapolis,IN,United States,Efficient Managed Workforce,WorkStreams 2.0,False,False,False,Shield,8600,45789.0,3015.0,802000,2,Doug Bailey,Brian Ngure,Jawabu,Elizabeth Ngugi,Active,Customer
134,0014o00001m7IYW,Project X,Americas,"Washington, D.C.",District of Columbia,United States,Data Annotation Solution,WorkStreams 2.0,False,False,False,Essentials,4460,31792.66,2925.0,1000000,3,Andy Minshall,,,,Active,Customer
135,0014o00001mkeBJ,Official Anaconda,Americas,San Jose,CA,United States,Computer Vision Managed Workforce,WorkStreams 2.0,False,False,False,Essentials,8400,45789.0,3015.0,900000,3,Camden Carver,Gunjan Upadhyay,TRAILBLAZERS,Smita Shrestha,Active,Customer
137,0014o00001mmcNL,Sleepy Weather,Americas,Franklin,Tennessee,United States,Efficient Managed Workforce,WorkStreams 2.0,False,False,False,Essentials,300,2700.0,1243.0,100000000,2,Sean Peterson,Monica Ghimire,Momos,Rojen Manandhar,Active,Customer
139,0014o00001mSTkY,Rainbow Wish,Americas,Chicago,Illinois,United States,NLP Managed Workforce,WorkStreams 2.0,True,True,True,Essentials,500,3745.0,2200.0,10000000,3,John Wagler,Hope Makwali,Jawabu,Melody Mukhwana,Active,Customer
140,0014o00001mTRwI,Excalibur Training,Americas,New York City,New York,United States,Agile Managed Workforce,WorkStreams 2.0,False,False,False,Essentials,1992,12256.0,2785.0,1000000,3,Doug Bailey,Monica Ghimire,TRAILBLAZERS,Laling Lama,Active,Customer
141,0014o00001mWHMt,Illumino Eye,Americas,Newport Beach,California,United States,Efficient Managed Workforce,WorkStreams 2.0,False,False,False,Shield,1000,8168.87,2700.0,3000000,3,Jonathan Miska,Hope Makwali,Tuzidi,Vincent Omondi Oluoch,Active,Customer
144,0014o00001nE1Pm,Malibu,Americas,Irvine,California,United States,Elastic Managed Workforce,WorkStreams 2.0,True,True,True,Shield,400,3440.0,2150.0,10000000,2,Andy Minshall,Nyambura Kihoro,Thamani,Hilda Afanda,Active,Customer
145,0014o00001nEn8y,Massive Builder,Americas,Seattle,Washington,United States,NLP Managed Workforce,WorkStreams 2.0,False,False,True,Essentials,800,5140.0,2499.0,10000000,3,Ashton Pimley,Monica Ghimire,Momos,Yogesh Katwal,Active,Customer
146,0014o00001nExHc,Quadro Automation,Americas,Cincinnati,Ohio,United States,Computer Vision Managed Workforce,WorkStreams 2.0,True,True,True,Essentials,250,2150.0,429.0,1000000000,2,Andy Minshall,Harry Rotich,Baraka,Jones Nganyi,Active,Customer
147,0014o00001nFVbU,Bull Berry,Americas,San Francisco,California,United States,Computer Vision Managed Workforce,WorkStreams 2.0,False,False,False,Shield,3000,18916.0,2870.0,1000000,2,Ann Balduino,Harry Rotich,Baraka,Janet Kamanga,Active,Customer
148,0014o00001nFzIk,Mentee to Mentor,Americas,,California,United States,Computer Vision Managed Workforce,WorkStreams 2.0,False,False,True,Shield,2850,18916.0,2868.0,1000000,1,Sean Peterson,Aurelien Vatinel,Work-A-Joylics,Claire Kirui,Active,Customer
149,0014o00001nG3eR,Flamingo,Americas,New York,New York,United States,Agile Managed Workforce,WorkStreams 2.0,False,False,False,Essentials,700,4928.0,2496.0,10000000,3,Account Owner,Jacqueline Mumbi,Tuzidi,Geoffrey Akuku,Active,Customer
151,0014o00001njANI,"Romeo, LLC",Americas,Philadelphia,Pennsylvania,United States,NLP Managed Workforce,WorkStreams 2.0,False,False,False,Workspace,4500,33699.0,2925.0,1000000,2,Andy Minshall,Nyambura Kihoro,Thamani,Hilda Afanda,Active,Customer
152,0014o00001njWOK,Vegas,Americas,Johnston,IA,United States,Efficient Managed Workforce,WorkStreams 1.0,False,False,False,Endpoint,600,4500.0,2350.0,10000000,3,Maggie Prothe,Ayush Siddhi,Synapse,Deep Subedi,Active,Customer
154,0014o00001nva4G,Limitless Horizons,Americas,New Haven,Connecticut,United States,Agile Managed Workforce,WorkStreams 2.0,False,False,False,Essentials,800,5260.0,2677.0,7759000,3,Sachin Khalsa,Monica Ghimire,The Prism,Yogesh Katwal,Active,Customer
156,0014o00001nvNhR,Revolution,Americas,Pleasanton,CA,United States,NLP Managed Workforce,WorkStreams 2.0,False,False,True,Shield,4200,30213.5,2925.0,1000000,3,Virginia Seabring,Jacqueline Mumbi,,Salome Kaguathi,Active,Customer
157,0014o00001ogu6o,Small Steel,Americas,McLean,VA,United States,Efficient Managed Workforce,WorkStreams 2.0,False,False,False,Essentials,300,3015.0,1960.0,31718000,3,Jonathan Miska,Monica Ghimire,Sattva,Samrat Amatya,Active,Customer
158,0014o00001oHiRQ,Great Leadership,Americas,South Pasadena,CA,United States,Computer Vision Managed Workforce,WorkStreams 2.0,False,False,False,Essentials,10010,51225.0,3069.0,5765,2,Kevin McElroy,,,,Active,Customer
160,0014o00001oK6ZQ,Indie Profilers,Americas,Champaign,IL,United States,Computer Vision Managed Workforce,WorkStreams 2.0,False,True,True,Endpoint,4200,26599.0,2925.0,1000000,2,Camden Carver,Harry Rotich,,Janet Kamanga,Active,Customer
162,0014o00001okRTb,WhiteCoast,Americas,Norwalk,CT,United States,Efficient Managed Workforce,WorkStreams 2.0,False,False,False,Shield,300,2456.0,660.75,500000000,3,Maggie Prothe,Jacqueline Mumbi,,Kendi Mutungi,Active,Customer
163,0014o00001oLMZM,Xerox,Americas,Somerville,Massachusetts,United States,Data Annotation Solution,WorkStreams 2.0,True,True,False,Essentials,1000,6400.0,2700.0,5000000,3,Kevin McElroy,Aurelien Vatinel,BusyBees,Anukram Adhikary,Active,Customer
164,0014o00001pEl2s,Grotesque Raw Neptune,Americas,Portland,OR,United States,Efficient Managed Workforce,WorkStreams 2.0,False,False,False,Essentials,400,3473.0,2199.0,10000000,3,John Wagler,Gunjan Upadhyay,Prodigies,Ankita Basnet,Active,Customer
166,001A0000015Tb9J,YoungMarker,Americas,Palo Alto,California,United States,Agile Managed Workforce,WorkStreams 1.0,False,False,False,Essentials,300,2350.0,660.75,500000000,2,Sean Gallagher,Bikash Sashankar,Zeus,Matthias Magar,Active,Customer
167,001A0000015Tb9X,Cascade,Americas,Denver,Colorado,United States,Agile Managed Workforce,WorkStreams 2.0,False,False,False,Shield,800,5223.0,2604.0,9394000,1,John Wagler,Harry Rotich,Papa,Eliud Irungu,Active,Customer
168,001A0000015Tb9X,Code Poltergeists,Americas,Denver,Colorado,United States,Agile Managed Workforce,WorkStreams 2.0,False,False,False,Essentials,800,5163.0,2580.0,9952000,1,Sean Peterson,Harry Rotich,Papa,Eliud Irungu,Active,Customer
169,001A0000015Tb9X,Orion,Americas,Denver,Colorado,United States,Agile Managed Workforce,WorkStreams 2.0,False,False,False,Essentials,800,5208.0,2604.0,9412000,1,Theo Papadopoulos,Harry Rotich,Papa,Eliud Irungu,Active,Customer
170,001A0000015Tb9X,White Feather,Americas,Denver,Colorado,United States,Elastic Managed Workforce,WorkStreams 2.0,False,False,False,Shield,800,5241.0,2604.0,9100000,1,John Wagler,Harry Rotich,Papa,Eliud Irungu,Active,Customer
171,001A0000015Tb9Y,ShinyWaves,Americas,Fayetteville,Arkansas,United States,Efficient Managed Workforce,WorkStreams 2.0,False,False,False,Shield,400,3369.0,2076.0,10237000,2,Jonathan Miska,Monica Ghimire,TRAILBLAZERS,Durga Bidari,Active,Customer
172,001A00000185SmI,Rhinestone,Americas,Charlotte,North Carolina,United States,Elastic Managed Workforce,WorkStreams 2.0,False,False,False,Shield,300,2200.0,555.0,1000000000,1,Virginia Seabring,Monica Ghimire,Unicorn,Prashant Burlakoti,Active,Customer
173,001A00000185Tt5,MadMatrix,Americas,Denver,Colorado,United States,Elastic Managed Workforce,WorkStreams 1.0,False,False,False,Essentials,450,3520.0,2199.0,10000000,3,Theo Papadopoulos,Monica Ghimire,Momos,Rumina Shakya,Active,Customer
174,001A00000185U1h,Early First,Americas,Denver,Colorado,United States,Elastic Managed Workforce,WorkStreams 1.0,False,False,False,Shield,600,3995.0,2263.0,10000000,1,Sean Gallagher,Ayush Siddhi,Synapse,Trishala Mathema,Active,Customer
175,001A00000185U1h,Obscure Steamy,Americas,Denver,Colorado,United States,Elastic Managed Workforce,WorkStreams 1.0,False,False,False,Endpoint,600,4080.0,2263.0,10000000,1,Sean Peterson,Ayush Siddhi,Synapse,Trishala Mathema,Active,Customer
176,001A00000185U1h,Sahara,Americas,Denver,Colorado,United States,Computer Vision Managed Workforce,WorkStreams 2.0,False,False,False,Endpoint,600,4073.0,2263.0,10000000,1,Sachin Khalsa,Ayush Siddhi,Synapse,Trishala Mathema,Active,Customer
177,001A00000185U1h,Yellow Moose,Americas,Denver,Colorado,United States,Elastic Managed Workforce,WorkStreams 1.0,False,False,False,Shield,600,4153.75,2345.0,10000000,1,Sean Peterson,Ayush Siddhi,Synapse,Trishala Mathema,Active,Customer
178,001A000001930bA,Steady Next Drill,Americas,San Francisco,California,United States,Elastic Managed Workforce,WorkStreams 1.0,False,False,False,Endpoint,350,3200.0,2001.0,18090000,1,Camden Carver,Bikash Sashankar,Zeus,Bikash Sashankar,Active,Customer
179,001A000001AaBeO,Integrated Project,Americas,Oakland,California,United States,Elastic Managed Workforce,WorkStreams 2.0,False,False,False,Essentials,24000,96523.5,3081.0,0,3,Ashton Pimley,Ayush Siddhi,Sakchya,Abishek Basnet,Active,Customer
180,001A000001CGmVw,Riviera,Americas,La Jolla,California,United States,Efficient Managed Workforce,WorkStreams 1.0,False,False,False,Shield,1456,9500.0,2772.0,1500000,3,Ashton Pimley,Monica Ghimire,Momos,Rojen Manandhar,Active,Customer
181,001A000001CWBn6,Great Marvell,APAC,Wellington City,Wellington,New Zealand,Elastic Managed Workforce,WorkStreams 1.0,False,False,False,Network,48250,168000.0,3140.0,0,2,Ann Balduino,Monica Ghimire,Momos,Rumina Shakya,Active,Customer
182,001A000001CWFI8,Instant Galaxy,EMEA,Stockholm,Stockholm,Sweden,Elastic Managed Workforce,WorkStreams 1.0,False,False,False,Essentials,4200,27955.0,2925.0,1000000,3,Camden Carver,Bikash Sashankar,Momos,Pranav Adhikari,Active,Customer
183,001A000001DKplQ,Breeze Stormy,Americas,Durham,North Carolina,United States,Agile Managed Workforce,WorkStreams 2.0,False,False,False,Essentials,3015,18916.0,2870.0,1000000,3,John Wagler,Gunjan Upadhyay,Prodigies,Samip Bajracharya,Active,Customer
184,001A000001Er4Vt,Bitter Laser,Americas,Morristown,New Jersey,United States,Data Annotation Solution,WorkStreams 2.0,False,False,False,Endpoint,700,4995.0,2496.0,10000000,2,Camden Carver,Bikash Sashankar,Zeus,Prajagar Singh,Active,Customer
185,001A000001FeMyK,Canary,EMEA,Hanau,-,Germany,Elastic Managed Workforce,WorkStreams 1.0,False,False,False,Network,400,3403.0,2076.0,10000000,3,Camden Carver,Monica Ghimire,Momos,Sushan Maharjan,Active,Customer
186,001A000001FfUNG,SevereRx,Americas,Durham,North Carolina,United States,Efficient Managed Workforce,WorkStreams 1.0,False,False,False,Essentials,400,3440.0,2150.0,10000000,3,Sachin Khalsa,Aurelien Vatinel,Exponen^t,Niv Shakya,Active,Customer
187,001A000001IaWbO,Deepmind,Americas,New York,New York,United States,Agile Managed Workforce,WorkStreams 1.0,False,False,False,Essentials,200000,298310.15,3166.0,0,3,Camden Carver,Gunjan Upadhyay,Prodigies,Ashma Poudel,Active,Customer
188,001A000001IYald,Blue Moose,EMEA,Valladolid,Castille and Leon,Spain,Efficient Managed Workforce,WorkStreams 1.0,False,False,False,Workspace,200,1254.0,166.66,20000000000,3,Theo Papadopoulos,Monica Ghimire,Momos,Rumina Shakya,Active,Customer
189,001A000001JG8x8,Everyday Street,Americas,San Mateo,California,United States,Agile Managed Workforce,WorkStreams 1.0,False,False,False,Essentials,26500,108537.0,3103.0,0,2,Camden Carver,Aurelien Vatinel,Exponen^t,Biraj Chhetri,Active,Customer
190,001A000001KsB07,RapidBrite,Americas,Winnipeg,Manitoba,Canada,Efficient Managed Workforce,WorkStreams 1.0,False,False,False,Essentials,305,3195.0,2000.0,18500000,3,Alexia Petricu,Monica Ghimire,Momos,Rumina Shakya,Active,Customer
191,001A000001Lkk95,Phoenix,Americas,Chapel Hill,North Carolina,United States,Agile Managed Workforce,WorkStreams 1.0,False,False,False,Workspace,300,2784.0,1606.5,50000000,2,Sean Gallagher,Monica Ghimire,Momos,Sushan Maharjan,Active,Customer
192,001A000001LmrUy,Eastern Crayon,Americas,San Mateo,California,United States,Elastic Managed Workforce,WorkStreams 2.0,False,False,False,Essentials,9342,47949.0,3061.0,27640,2,Camden Carver,Harry Rotich,Papa,Clement Gachagua,Active,Customer
193,001A000001LO4yA,UglyFox,Americas,Overland Park,Kansas,United States,Agile Managed Workforce,WorkStreams 1.0,False,False,False,Essentials,3600,23074.0,2925.0,1000000,1,Maggie Prothe,Monica Ghimire,TRAILBLAZERS,Durga Bidari,Active,Customer
194,001A000001LOAEx,Skyhawks,Americas,Toronto,Ontario,Canada,Elastic Managed Workforce,WorkStreams 1.0,False,False,False,Shield,744,5034.0,2499.0,10000000,1,Ann Balduino,Ayush Siddhi,Sakchya,Trishala Mathema,Active,Customer
195,001A000001M2Kl0,Bladerunner,Americas,Menlo Park,California,United States,Agile Managed Workforce,WorkStreams 1.0,False,False,False,Shield,8000,42657.0,3000.0,900000,2,Kevin McElroy,Ayush Siddhi,Sakchya,Trishala Mathema,Active,Customer
196,001A000001NPPzh,Nitro,Americas,San Francisco,California,United States,Computer Vision Managed Workforce,WorkStreams 2.0,True,True,False,Essentials,300,2785.0,1606.5,50000000,1,Sean Gallagher,Ayush Siddhi,Umami,Prabesh Devkota,Active,Customer
197,001A000001Odl5H,Diesel,Americas,Montreal,Quebec,Canada,Computer Vision Managed Workforce,WorkStreams 1.0,False,False,False,Network,36000,157797.0,3121.0,0,2,Sean Gallagher,Monica Ghimire,TRAILBLAZERS,Aishwarya Dhakhwa,Active,Customer
198,001A000001Oe9aN,Quadro,Americas,Boise,Idaho,United States,Efficient Managed Workforce,WorkStreams 2.0,False,False,False,Shield,200,1433.0,166.66,10000000000,3,Camden Carver,Monica Ghimire,TRAILBLAZERS,Pratikchya Basnet,Active,Customer
199,001A000001OeDG8,Cyclone,Americas,Toronto,Ontario,Canada,Elastic Managed Workforce,WorkStreams 2.0,False,False,True,Essentials,2500,16086.48,2815.0,1000000,3,Andy Minshall,Monica Ghimire,TRAILBLAZERS,Kristina Joshi,Active,Customer
200,001A000001Og5F1,Cherrystone,Americas,Pittsburgh,PA,United States,Computer Vision Managed Workforce,WorkStreams 1.0,False,False,False,Essentials,300,2199.0,555.0,1000000000,1,Ann Balduino,Ayush Siddhi,Umami,Prabesh Devkota,Active,Customer
201,001A000001OgGDD,Barney,EMEA,New York,New York,United States,Computer Vision Managed Workforce,WorkStreams 1.0,False,False,False,Essentials,1000,7380.0,2700.0,4400000,3,Jonathan Miska,Gunjan Upadhyay,TRAILBLAZERS,Bishakha Pande,Active,Customer
202,001A000001OgIBU,Apollo,Americas,Pembroke,Massachusetts,United States,Agile Managed Workforce,WorkStreams 1.0,False,False,False,Essentials,200,1720.0,268.0,6717000000,3,Kevin McElroy,Ayush Siddhi,Unicorn,Prashant Burlakoti,Active,Customer
203,001A000001OLGYY,Skilled Fist,EMEA,Yoqne`am `illit,HaZafon,Israel,Computer Vision Managed Workforce,WorkStreams 1.0,False,False,False,Essentials,0,555.0,0.0,47000000000,3,John Wagler,Nyambura Kihoro,Nuru,Hilda Atsenga,Active,Customer
204,001A000001OMNBo,Social Geek Made,Americas,Philadelphia,Pennsylvania,United States,Computer Vision Managed Workforce,WorkStreams 1.0,False,False,False,Network,300,2233.0,639.0,500000000,3,Camden Carver,Gunjan Upadhyay,Prodigies,Smita Shrestha,Active,Customer
205,001A000001OMNDF,Made by Me,APAC,Sydney,New South Wales,Australia,Elastic Managed Workforce,WorkStreams 2.0,True,False,True,Essentials,1000,7524.0,2700.0,4200000,1,Andy Minshall,Aurelien Vatinel,BusyBees,Anukram Adhikary,Active,Customer
206,001A000001OMNDF,Sputnik,APAC,Sydney,New South Wales,Australia,Computer Vision Managed Workforce,WorkStreams 1.0,False,False,False,Essentials,1000,7382.0,2700.0,4345000,1,Sachin Khalsa,Aurelien Vatinel,BusyBees,Anukram Adhikary,Active,Customer
207,001A000001PcY2A,Bride of Buster,Americas,Houston,Texas,United States,Computer Vision Managed Workforce,WorkStreams 1.0,False,False,False,Essentials,300,2200.0,555.0,591000000,3,Maggie Prothe,Harry Rotich,Medalli,Faith Kimanzi,Active,Customer
208,001A000001PdHgQ,Blue Moon,Americas,Seattle,Washington,United States,Agile Managed Workforce,WorkStreams 2.0,False,False,False,Endpoint,1200,8793.0,2700.0,2000000,3,Alexia Petricu,Monica Ghimire,TRAILBLAZERS,Pratikchya Basnet,Active,Customer
209,001A000001PKJi3,Topcat,EMEA,Fuldabrück,Hesse,Germany,Agile Managed Workforce,WorkStreams 1.0,False,False,False,Shield,1600,11459.0,2785.0,1000000,3,Alexia Petricu,Brian Ngure,Amali,Mathew Oduor,Active,Customer
210,001A000001Q0zFC,Switch and Swift,EMEA,Würzburg,Berlin,Germany,Elastic Managed Workforce,WorkStreams 1.0,False,False,False,Shield,3300,22025.0,2877.0,1000000,2,John Wagler,Monica Ghimire,Momos,Shreeya Bhattarai,Active,Customer
211,001A000001QFUjF,NeTpayment,Americas,Chicago,Illinois,United States,NLP Managed Workforce,WorkStreams 2.0,False,True,False,Essentials,8888,47949.0,3061.0,203000,2,Sean Gallagher,Bikash Sashankar,Momos,Aseem Shrestha,Active,Customer
212,001A000001R6eYG,Ranzer,Americas,Cambridge,Massachusetts,United States,Computer Vision Managed Workforce,WorkStreams 2.0,True,True,True,Endpoint,1000,6840.0,2700.0,4849000,2,Ann Balduino,Monica Ghimire,TRAILBLAZERS,Julen Maharjan,Active,Customer
213,001A000001R7rPq,Cauldron,Americas,Boston,MA,United States,Data Annotation Solution,WorkStreams 2.0,True,True,False,Shield,100,1243.0,100.0,22000000000,2,Ann Balduino,Harry Rotich,,Faith Kimanzi,Active,Customer
214,001A000001R7rQS,Irongate,Americas,Menlo Park,California,United States,Efficient Managed Workforce,WorkStreams 2.0,False,False,False,Network,300,2877.0,1692.0,50000000,3,Sachin Khalsa,Arpit Chapagain,Exponen^t,Manoj Shrestha,Active,Customer
215,001A000001R88zB,Charlie,Americas,Herndon,Virginia,United States,Computer Vision Managed Workforce,WorkStreams 1.0,False,False,False,Essentials,300,2487.0,660.75,449722000,3,John Wagler,Brian Ngure,Amali,Imran Said,Active,Customer
216,001A000001RfPRC,Balto,Americas,Los Angeles,California,United States,,WorkStreams 2.0,False,False,False,Shield,400,3283.0,2001.0,13100000,1,Ann Balduino,Nyambura Kihoro,Nuru,Pauline Kakungu,Active,Customer
217,001A000001RfPRC,Lonely Fox,Americas,Los Angeles,California,United States,Elastic Managed Workforce,WorkStreams 1.0,False,False,False,Essentials,400,3230.0,2001.0,17787000,1,Sean Gallagher,Nyambura Kihoro,Nuru,Pauline Kakungu,Active,Customer
218,001A000001SVE1w,Passion Chasers,Americas,Denver,Colorado,United States,Computer Vision Managed Workforce,WorkStreams 1.0,False,False,False,Workspace Plus,400,3473.0,2199.0,10000000,3,Sachin Khalsa,Gunjan Upadhyay,Prodigies,Nikhil Karki,Active,Customer
219,001A000001SYjFa,Atlantis,Americas,Toronto,Ontario,Canada,NLP Managed Workforce,WorkStreams 2.0,False,False,False,Network,900,6080.0,2687.0,5672000,2,Ashton Pimley,Monica Ghimire,TRAILBLAZERS,Aishwarya Dhakhwa,Active,Customer
220,001A000001T1BvX,Global Solutions,Americas,Pittsburgh,Pennsylvania,United States,Data Annotation Solution,WorkStreams 2.0,False,False,True,Essentials,500,3655.0,2200.0,10000000,3,Theo Papadopoulos,Brian Ngure,Jawabu,Timothy Muiru,Active,Customer
221,001A000001T27y6,Reborn Flag,EMEA,Cheltenham,Gloucestershire,United Kingdom,NLP Managed Workforce,WorkStreams 1.0,False,False,False,Essentials,3200,19875.0,2870.0,1000000,2,John Wagler,Jacqueline Mumbi,Amali,Salome Kaguathi,Active,Customer
222,001A000001TNs6T,Zeus,Americas,San Francisco,California,United States,Computer Vision Managed Workforce,WorkStreams 2.0,False,False,False,Shield,480,3533.0,2199.0,10000000,1,Camden Carver,Nyambura Kihoro,Jasiri,Francis Mutua,Active,Customer
223,001A000001TPugz,Soul Spartans,Americas,Pleasanton,California,United States,NLP Managed Workforce,WorkStreams 2.0,False,False,False,Essentials,28200,142070.0,3103.0,0,2,Ann Balduino,,,,Active,Customer
224,001A000001TPuWp,Honeycomb,Americas,New York,New York,United States,Elastic Managed Workforce,WorkStreams 2.0,False,False,True,Workspace,300,2700.0,1254.0,100000000,1,Sachin Khalsa,Nyambura Kihoro,Meraki,Elizabeth Njau,Active,Customer
225,001A000001TPuWp,MettlePaw,Americas,New York,New York,United States,Elastic Managed Workforce,WorkStreams 2.0,True,True,False,Shield,300,2700.0,1243.0,100000000,1,Andy Minshall,Nyambura Kihoro,Meraki,Elizabeth Njau,Active,Customer
226,001A000001TQje5,Uzzin,Americas,Hollis,New York,United States,Data Annotation Solution,WorkStreams 2.0,False,False,False,Network,1600,11459.0,2785.0,1000000,2,Theo Papadopoulos,Jacqueline Mumbi,B'Shert,Patrick Thiriku,Active,Customer
227,001A000001TrggR,Impact Training,Americas,San Francisco,California,United States,Efficient Managed Workforce,WorkStreams 1.0,False,False,False,Essentials,1200,8792.0,2700.0,2300000,3,Maggie Prothe,Brian Ngure,Jawabu,Elizabeth Ngugi,Active,Customer
228,001A000001TRIw2,Monte Mirage,EMEA,London,England,United Kingdom,Computer Vision Managed Workforce,WorkStreams 1.0,False,False,False,Shield,700,5016.0,2496.0,10000000,3,Jonathan Miska,Nyambura Kihoro,Taji,Billy Labatt,Active,Customer
229,001A000001TtAdn,Stormy Clown,Americas,Santa Monica,California,United States,Elastic Managed Workforce,WorkStreams 2.0,False,False,False,Shield,600,4725.0,2456.0,10000000,3,Sean Gallagher,Monica Ghimire,Work-A-Joylics,Sushan Maharjan,Active,Customer
230,001A000001U37WN,Bongo,Americas,Sunnyvale,California,United States,Agile Managed Workforce,WorkStreams 1.0,False,False,False,Essentials,900,6080.0,2687.0,5956000,2,John Wagler,Nyambura Kihoro,Thamani,Juma Mariekhe,Active,Customer
231,001A000001U3Kkc,The Bomb Squad,Americas,San Francisco,California,United States,Computer Vision Managed Workforce,WorkStreams 2.0,False,False,False,Essentials,22222,96523.5,3070.0,1,2,Andy Minshall,Bikash Sashankar,Zeus,Matthias Magar,Active,Customer
232,001A000001U3UQJ,Titan,Americas,Philadelphia,Pennsylvania,United States,Elastic Managed Workforce,WorkStreams 1.0,False,False,False,Essentials,1600,11260.0,2784.0,1000000,3,Ann Balduino,Brian Ngure,Tuzidi,Venessa Sanja,Active,Customer
233,001A000001U4An0,Cowbelles,Americas,San Francisco,California,United States,Computer Vision Managed Workforce,WorkStreams 1.0,False,False,False,Essentials,700,4826.0,2487.0,10000000,3,Maggie Prothe,Jacqueline Mumbi,Tuzidi,Kendi Mutungi,Active,Customer
234,001A000001U4bG4,Batman,Americas,Sunnyvale,California,United States,Data Annotation Solution,WorkStreams 2.0,False,False,False,Network,1000,6608.5,2700.0,5000000,1,Jonathan Miska,Jacqueline Mumbi,Jawabu,Melody Mukhwana,Active,Customer
235,001A000001U4bG4,Empty Pineapple,Americas,Sunnyvale,California,United States,Computer Vision Managed Workforce,WorkStreams 2.0,False,False,False,Shield,1000,6608.0,2700.0,5000000,1,Ann Balduino,Jacqueline Mumbi,Jawabu,Melody Mukhwana,Active,Customer
236,001A000001U4IVM,Hornets,EMEA,Barcelona,Barcelona,Spain,Efficient Managed Workforce,WorkStreams 2.0,False,False,False,Shield,2600,16380.0,2815.0,1000000,2,Theo Papadopoulos,Gunjan Upadhyay,Prodigies,Bishakha Pande,Active,Customer
237,001A000001U4IVM,Striped Foxes,EMEA,Barcelona,Barcelona,Spain,Efficient Managed Workforce,WorkStreams 2.0,False,False,False,Workspace,2600,18248.0,2815.0,1000000,2,Theo Papadopoulos,Gunjan Upadhyay,Prodigies,Bishakha Pande,Active,Customer
238,001A000001U4S0k,Royal Labs,EMEA,Booterstown,Dublin,Ireland,Computer Vision Managed Workforce,WorkStreams 1.0,False,False,False,Network,300,2680.0,687.3333333333334,246737000,2,Sean Gallagher,Monica Ghimire,Sattva,Kritika Thapa,Active,Customer
239,001A000001U5M4Z,School Leadership 2.0,Americas,San Francisco,California,United States,Computer Vision Managed Workforce,WorkStreams 2.0,False,False,False,Essentials,5000,33936.0,2959.0,1000000,1,Ashton Pimley,Arpit Chapagain,Exponen^t,Salina Sharma,Active,Customer
240,001A000001U5McH,The Experienced dude,Americas,San Francisco,California,United States,Agile Managed Workforce,WorkStreams 2.0,False,False,True,Shield,300,2925.0,1720.0,46685000,2,Ann Balduino,Brian Ngure,Amali,Stella Kuria,Active,Customer
242,001A000001U5rEB,Pure Uranium,Americas,San Diego,California,United States,Elastic Managed Workforce,WorkStreams 1.0,False,False,True,Shield,0,100.0,0.0,47000000000,2,Jonathan Miska,Brian Ngure,Amali,Boniface Mwanda,Active,Customer
243,001A000001U6HYO,Lobster Early,Americas,Santa Fe,New Mexico,United States,Computer Vision Managed Workforce,WorkStreams 2.0,False,False,False,Essentials,300,2868.0,1686.6666666666667,50000000,3,Camden Carver,Gunjan Upadhyay,TRAILBLAZERS,Bishakha Pande,Active,Customer
244,001A000001U6vOB,Camelot,Americas,New York,New York,United States,NLP Managed Workforce,WorkStreams 2.0,False,False,False,Essentials,1300,9225.0,2700.0,1796000,3,Sachin Khalsa,Harry Rotich,Baraka,Belinda Njoki Mwangi,Active,Customer
245,001A000001UbtTh,Sunburst,Americas,Berkeley,CA,United States,Computer Vision Managed Workforce,WorkStreams 2.0,True,True,True,Essentials,600,4231.0,2345.0,10000000,2,Camden Carver,Ayush Siddhi,Synapse,Deep Subedi,Active,Customer
246,001A000001UdZFz,DejaVu,Americas,Little Rock,Arkansas,United States,Efficient Managed Workforce,WorkStreams 1.0,False,False,False,Essentials,200,1686.6666666666667,166.66,10000000000,3,Andy Minshall,Monica Ghimire,Prodigies,Babita Sharma,Active,Customer
247,001A000001Ue616,Mountaineers,EMEA,London,England,United Kingdom,Efficient Managed Workforce,WorkStreams 2.0,False,False,False,Shield,300,3061.0,1960.0,31718000,2,Alexia Petricu,Harry Rotich,Baraka,Hellen Wandera,Active,Customer
248,001A000001UPifr,Fester,Americas,Chicago,Illinois,United States,Efficient Managed Workforce,WorkStreams 1.0,False,False,False,Essentials,300,2925.0,1692.0,50000000,3,Sean Gallagher,Brian Ngure,Kawi,Eric Mwangi,Active,Customer
249,001A000001UPjWj,Zulu,Americas,Chicago,Illinois,United States,Agile Managed Workforce,WorkStreams 1.0,False,False,False,Endpoint,200,2000.0,305.0,1700000000,2,Andy Minshall,Gunjan Upadhyay,Prodigies,Roshan Lama,Active,Customer
251,001A000001UQ8Vm,RakenVision,Americas,Chicago,Illinois,United States,Agile Managed Workforce,WorkStreams 1.0,False,False,False,Shield,570,3980.0,2233.0,10000000,2,Ann Balduino,Harry Rotich,Baraka,Belinda Mwangi,Active,Customer
252,001A000001UQ8Vm,RockStable,Americas,Chicago,Illinois,United States,Agile Managed Workforce,WorkStreams 1.0,False,False,False,Shield,520,3928.0,2233.0,10000000,2,Maggie Prothe,Harry Rotich,Baraka,Belinda Mwangi,Active,Customer
253,001A000001VB1xV,Jazz Wild,Americas,San Francisco,California,United States,Efficient Managed Workforce,WorkStreams 1.0,False,False,False,Essentials,17750,96523.5,3070.0,1,3,Theo Papadopoulos,Ayush Siddhi,Umami,Suman Prajapati,Active,Customer
254,001A000001Vsbqi,Wide Stringer,Americas,New York City,New York,United States,Computer Vision Managed Workforce,WorkStreams 1.0,False,False,False,Network,300,3140.0,2000.0,20000000,2,Maggie Prothe,Monica Ghimire,Sattva,Babita Sharma,Active,Customer
255,001A000001VXrB5,Sirius,APAC,Pyrmont,NSW,Australia,Computer Vision Managed Workforce,WorkStreams 2.0,False,False,False,Shield,0,0.0,0.0,50000000000,2,Camden Carver,Ayush Siddhi,Sakchya,Trishala Mathema,Active,Customer
